dataset,MAE,RMSE,R2
Validation,0.6831150991792069,1.0101498193303604,0.9981992723361462
Test,0.7023858650278284,1.0219770562346138,0.9979531149479158
